<?xml version="1.0" encoding="UTF-8"?>
<!DOCTYPE mapper
  PUBLIC "-//mybatis.org//DTD Mapper 3.0//EN"
  "http://mybatis.org/dtd/mybatis-3-mapper.dtd">
<mapper namespace="member">
	<select id="memberList" resultType="com.example.project.model.dto.MemberVO">
		SELECT user_id AS userId,
		user_name AS userName,
		user_email AS userEmail,
		user_regdate AS userRegdate
		FROM tbl_member
		ORDER BY userName
	</select>
	
	<select id="ViewMember" resultType="com.example.project.model.dto.MemberVO">
		SELECT user_id AS userId,
		user_name AS userName,
		user_email AS userEmail,
		user_regdate AS userRegdate
		FROM tbl_member
		WHERE user_id=#{userId}
	</select>
	
	<insert id="insertMember" >
		INSERT INTO tbl_member(user_id, user_pw, user_name, user_email)
		VALUES
		(#{userId}, #{userPw}, #{userName}, #{userEmail})
	</insert>
	
	<update id="updateMember">
		UPDATE tbl_member
		SET user_pw=#{userPw}, user_name=#{userName}, user_email=#{userEmail}
		WHERE user_id=#{userId}
	</update>
	
	<delete id="deleteMember">
		DELETE FROM tbl_member
		WHERE user_id = #{userId}
	</delete>
</mapper>